{"cameraMode":{"drawMode":0,"name":"Shaded","section":"Shading Mode"},"sceneLighting":true,"audioPlay":false,"sceneViewState":{"m_AlwaysRefresh":true,"showFog":true,"showSkybox":true,"showFlares":true,"showImageEffects":true,"showParticleSystems":true,"showVisualEffectGraphs":true,"m_FxEnabled":true},"in2DMode":false,"pivot":{"x":2.666674852371216,"y":1.5948214530944825,"z":-0.06322193145751953},"rotation":{"x":-0.30733367800712588,"y":0.08889644593000412,"z":-0.02884986810386181,"w":-0.9470022320747376},"size":7.4018168449401859,"orthographic":false}